City_ID,City,Country,Date,Lat,Lng,Max Temp,Humidity,Cloudiness,Wind Speed
0,Puerto Ayora,EC,2020-10-24 19:05:12,-0.74,-90.35,78.8,69,40,17.22
1,Port Lincoln,AU,2020-10-24 19:05:13,-34.73,135.87,52.79,71,91,14.5
2,Groton,US,2020-10-24 19:05:13,41.35,-72.08,64.99,88,90,6.93
3,Fairbanks,US,2020-10-24 19:05:13,64.84,-147.72,25.0,85,75,3.04
4,Mataura,NZ,2020-10-24 19:05:13,-46.19,168.86,66.0,58,100,14.0
5,Wilmington,US,2020-10-24 19:05:13,34.23,-77.94,82.4,45,1,5.77
6,Souillac,MU,2020-10-24 19:05:14,-20.52,57.52,75.2,73,40,13.87
7,Carnarvon,AU,2020-10-24 19:05:14,-24.87,113.63,69.8,94,0,17.22
8,Kodiak,US,2020-10-24 19:05:14,57.79,-152.41,42.8,93,40,3.36
9,Kabinda,CD,2020-10-24 19:05:15,-6.13,24.48,70.74,88,100,2.98
10,Concarneau,FR,2020-10-24 19:05:15,47.88,-3.92,55.4,100,100,17.22
11,Leningradskiy,RU,2020-10-24 19:05:15,69.38,178.42,21.61,94,61,5.93
12,Caravelas,BR,2020-10-24 19:05:15,-17.71,-39.25,78.62,77,20,9.89
13,Kjollefjord,NO,2020-10-24 19:05:16,70.95,27.35,36.97,90,100,20.24
14,Busselton,AU,2020-10-24 19:05:16,-33.65,115.33,57.0,52,100,11.03
15,Dalvik,IS,2020-10-24 19:05:16,65.97,-18.53,41.0,75,90,21.92
16,Chokurdakh,RU,2020-10-24 19:05:16,70.63,147.92,16.11,98,100,7.47
17,Mahebourg,MU,2020-10-24 19:05:17,-20.41,57.7,75.2,73,40,13.87
18,Thompson,CA,2020-10-24 19:03:05,55.74,-97.86,23.0,62,90,12.75
19,Ushuaia,AR,2020-10-24 19:05:17,-54.8,-68.3,50.0,62,40,16.11
20,Albany,US,2020-10-24 19:05:03,42.6,-73.97,59.0,66,34,5.01
21,Elko,US,2020-10-24 19:05:17,41.0,-115.5,61.0,23,20,18.01
22,Shahpura,IN,2020-10-24 19:05:18,27.38,75.97,75.2,29,0,4.59
23,Snyder,US,2020-10-24 19:05:18,32.72,-100.92,55.4,47,1,9.17
24,Punta Arenas,CL,2020-10-24 19:02:13,-53.15,-70.92,42.8,93,90,8.05
25,Butaritari,KI,2020-10-24 19:05:18,3.07,172.79,82.15,67,56,7.72
26,Balkhash,KZ,2020-10-24 19:05:19,46.84,74.98,32.56,83,0,5.26
27,Lagoa,PT,2020-10-24 19:05:19,39.05,-27.98,66.25,86,100,13.15
28,Cape Town,ZA,2020-10-24 19:03:32,-33.93,18.42,64.99,82,0,12.75
29,Kapaa,US,2020-10-24 19:05:19,22.08,-159.32,78.01,83,20,5.82
30,Muros,ES,2020-10-24 19:05:20,42.78,-9.06,64.0,81,73,27.0
31,Vanavara,RU,2020-10-24 19:05:20,60.34,102.28,24.49,98,100,3.44
32,Hobart,AU,2020-10-24 19:02:39,-42.88,147.33,42.8,60,33,9.17
33,Amahai,ID,2020-10-24 19:05:20,-3.33,128.92,77.61,82,100,2.28
34,Halifax,CA,2020-10-24 19:00:28,44.65,-63.57,55.99,98,100,1.01
35,Richards Bay,ZA,2020-10-24 19:05:21,-28.78,32.04,71.42,81,0,12.93
36,Barrow,US,2020-10-24 19:00:49,71.29,-156.79,28.4,86,90,10.29
37,Port Alfred,ZA,2020-10-24 19:05:21,-33.59,26.89,66.54,90,17,1.3
38,Kruisfontein,ZA,2020-10-24 19:05:21,-34.0,24.73,66.99,79,0,1.01
39,Saint-Philippe,RE,2020-10-24 19:05:22,-21.36,55.77,71.6,68,20,9.17
40,Zaysan,KZ,2020-10-24 19:05:22,47.47,84.87,30.67,92,99,4.38
41,Tubuala,PA,2020-10-24 19:05:23,9.52,-79.03,82.99,83,40,10.29
42,Trapani,IT,2020-10-24 19:05:23,37.83,12.67,69.01,88,20,16.11
43,Broken Hill,AU,2020-10-24 19:03:12,-31.95,141.43,44.6,81,0,10.29
44,Tuatapere,NZ,2020-10-24 19:05:23,-46.13,167.68,66.0,58,100,14.0
45,Pevek,RU,2020-10-24 19:05:24,69.7,170.31,25.7,92,0,10.94
46,Chuy,UY,2020-10-24 19:05:24,-33.7,-53.46,70.11,81,30,9.31
47,Sitka,US,2020-10-24 19:04:03,57.05,-135.33,35.6,55,20,2.51
48,Arraial Do Cabo,BR,2020-10-24 19:05:25,-22.97,-42.03,71.6,88,75,18.34
49,Clyde River,CA,2020-10-24 19:05:25,70.47,-68.59,19.4,67,90,4.7
50,Hithadhoo,MV,2020-10-24 19:00:56,-0.6,73.08,83.43,74,12,9.73
51,Provideniya,RU,2020-10-24 19:05:25,64.38,-173.3,32.7,94,70,15.41
52,Upernavik,GL,2020-10-24 19:05:26,72.79,-56.15,22.6,95,100,9.73
53,Tuensang,IN,2020-10-24 19:05:26,26.28,94.83,65.26,84,63,3.27
54,Tasiilaq,GL,2020-10-24 19:05:26,65.61,-37.64,33.8,74,75,3.36
55,Bluff,NZ,2020-10-24 19:05:26,-46.6,168.33,66.0,58,91,14.0
56,Shimoda,JP,2020-10-24 19:05:26,34.67,138.95,48.0,81,5,13.69
57,Vaini,TO,2020-10-24 19:05:27,-21.2,-175.2,73.4,88,75,9.17
58,Jamestown,US,2020-10-24 19:04:58,42.1,-79.24,45.0,70,90,8.05
59,Yar-Sale,RU,2020-10-24 19:05:27,66.83,70.83,16.61,96,67,4.59
60,Ilulissat,GL,2020-10-24 19:05:27,69.22,-51.1,23.0,57,75,10.29
61,Pochutla,MX,2020-10-24 19:05:28,15.74,-96.47,90.0,62,75,6.78
62,Bageshwar,IN,2020-10-24 19:05:28,29.85,79.77,59.27,35,0,3.33
63,Sola,VU,2020-10-24 19:05:28,-13.88,167.55,79.56,82,23,17.67
64,Srednekolymsk,RU,2020-10-24 19:05:28,67.45,153.68,15.33,94,0,4.79
65,Ife,NG,2020-10-24 19:05:29,7.47,4.57,74.28,93,100,1.61
66,Rikitea,PF,2020-10-24 19:05:29,-23.12,-134.97,74.68,84,98,22.91
67,Boguchany,RU,2020-10-24 19:05:29,58.38,97.45,27.19,96,79,2.77
68,Airai,TL,2020-10-24 19:05:29,-8.93,125.41,61.5,100,8,0.31
69,Sorland,NO,2020-10-24 19:05:30,67.67,12.69,42.67,66,0,17.11
70,Terra Boa,BR,2020-10-24 19:05:30,-23.77,-52.44,86.58,44,74,0.38
71,Villa Carlos Paz,AR,2020-10-24 19:05:30,-31.42,-64.5,75.0,81,94,4.0
72,Bengkulu,ID,2020-10-24 19:05:30,-3.8,102.27,76.06,86,100,4.99
73,Abalak,RU,2020-10-24 19:05:30,58.13,68.59,26.53,98,100,13.76
74,Torbay,CA,2020-10-24 19:05:31,47.67,-52.73,50.0,81,75,24.16
75,Byron Bay,AU,2020-10-24 19:05:31,-28.65,153.62,64.4,93,10,5.82
76,Saint-Joseph,RE,2020-10-24 19:05:31,-21.37,55.62,71.6,68,20,9.17
77,Lompoc,US,2020-10-24 19:05:32,34.64,-120.46,66.2,68,90,3.36
78,Sao Filipe,CV,2020-10-24 19:05:32,14.9,-24.5,82.0,71,100,10.76
79,Nikolskoye,RU,2020-10-24 19:05:32,59.7,30.79,39.2,88,0,4.47
80,Bambous Virieux,MU,2020-10-24 19:05:32,-20.34,57.76,75.2,73,40,13.87
81,Georgetown,MY,2020-10-24 19:05:32,5.41,100.34,78.8,88,40,1.07
82,Panalingaan,PH,2020-10-24 19:05:33,8.78,117.42,80.04,81,100,4.27
83,Hilo,US,2020-10-24 19:03:07,19.73,-155.09,77.0,65,40,5.82
84,Port Elizabeth,ZA,2020-10-24 19:05:33,-33.92,25.57,64.4,93,58,5.82
85,Sao Joao Da Barra,BR,2020-10-24 19:05:07,-21.64,-41.05,77.0,78,90,11.41
86,Saskylakh,RU,2020-10-24 19:05:33,71.92,114.08,15.62,94,100,23.76
87,La Rioja,ES,2020-10-24 19:05:34,42.25,-2.5,57.0,66,0,4.7
88,Yellowknife,CA,2020-10-24 19:05:34,62.46,-114.35,26.6,63,75,10.29
89,Camacha,PT,2020-10-24 19:05:34,33.08,-16.33,66.2,68,20,11.41
90,Grand Gaube,MU,2020-10-24 19:05:34,-20.01,57.66,71.01,81,17,5.99
91,New Norfolk,AU,2020-10-24 19:05:35,-42.78,147.06,42.8,60,1,9.17
92,Khatanga,RU,2020-10-24 19:05:35,71.97,102.5,7.02,95,100,15.86
93,Katsuura,JP,2020-10-24 19:05:35,35.13,140.3,57.2,54,0,11.41
94,Husavik,IS,2020-10-24 19:05:35,66.04,-17.34,41.0,75,90,21.92
95,Cabo San Lucas,MX,2020-10-24 19:05:36,22.89,-109.91,91.0,55,5,9.17
96,Mahon,ES,2020-10-24 19:05:09,39.89,4.27,60.8,72,0,4.7
97,Bailen,ES,2020-10-24 19:05:36,38.1,-3.78,57.99,70,0,5.01
98,Victoria,HK,2020-10-24 19:02:20,22.29,114.16,75.0,70,100,3.0
99,Manado,ID,2020-10-24 19:05:36,1.49,124.85,75.2,100,40,1.12
100,Burgeo,CA,2020-10-24 19:05:37,47.62,-57.62,50.32,86,100,20.22
101,Te Anau,NZ,2020-10-24 19:05:37,-45.42,167.72,57.6,87,100,7.27
102,Bredasdorp,ZA,2020-10-24 19:05:37,-34.53,20.04,66.2,77,0,2.24
103,Yarmouth,US,2020-10-24 19:01:57,41.71,-70.23,64.99,72,90,11.41
104,Sabang,ID,2020-10-24 19:05:38,5.89,95.32,78.96,84,100,21.18
105,Saint George,US,2020-10-24 19:00:38,37.1,-113.58,73.99,33,1,3.44
106,Hambantota,LK,2020-10-24 19:05:38,6.12,81.12,78.8,88,0,3.36
107,East London,ZA,2020-10-24 19:05:38,-33.02,27.91,64.4,100,90,4.7
108,Geraldton,AU,2020-10-24 19:00:55,-28.77,114.6,53.6,81,0,4.7
109,Avera,US,2020-10-24 19:05:39,33.19,-82.53,82.4,54,75,6.93
110,Mar Del Plata,AR,2020-10-24 19:05:39,-38.0,-57.56,64.4,82,75,9.17
111,Cidreira,BR,2020-10-24 19:05:39,-30.18,-50.21,72.5,77,100,12.17
112,Kharar,IN,2020-10-24 19:05:39,30.74,76.65,67.21,36,0,2.35
113,Dalsingh Sarai,IN,2020-10-24 19:05:40,25.67,85.83,74.46,49,0,5.01
114,Polessk,RU,2020-10-24 19:05:40,54.86,21.1,52.0,93,75,11.18
115,Mujiayingzi,CN,2020-10-24 19:05:40,42.12,118.78,42.37,56,100,5.88
116,Richmond Hill,CA,2020-10-24 19:04:26,43.87,-79.44,46.0,58,0,3.0
117,Terrak,NO,2020-10-24 19:05:41,65.09,12.37,37.0,69,100,8.05
118,Hermanus,ZA,2020-10-24 19:05:41,-34.42,19.23,62.01,90,8,3.0
119,Ponta Do Sol,PT,2020-10-24 19:05:41,32.67,-17.1,68.0,68,40,6.93
120,Castro,BR,2020-10-24 19:05:41,-24.79,-50.01,72.64,73,99,2.71
121,Wageningen,NL,2020-10-24 19:05:41,51.97,5.67,59.0,87,90,17.22
122,Aklavik,CA,2020-10-24 19:05:42,68.22,-135.01,12.2,85,75,2.24
123,Costinesti,RO,2020-10-24 19:05:42,43.95,28.63,62.6,93,40,3.36
124,Mizdah,LY,2020-10-24 19:05:42,31.45,12.98,69.87,28,0,8.3
125,Makakilo City,US,2020-10-24 19:05:42,21.35,-158.09,78.8,83,75,6.85
126,Pisco,PE,2020-10-24 19:05:43,-13.7,-76.22,66.2,77,20,13.87
127,Palmas Bellas,PA,2020-10-24 19:05:43,9.23,-80.09,82.4,88,40,11.41
128,Kawalu,ID,2020-10-24 19:05:43,-7.38,108.21,73.13,92,100,0.2
129,Tokur,RU,2020-10-24 19:05:43,53.13,132.9,27.36,97,100,8.99
130,Sinnamary,GF,2020-10-24 19:01:08,5.38,-52.95,85.91,66,61,13.35
131,Ahipara,NZ,2020-10-24 19:05:44,-35.17,173.17,60.37,90,22,4.76
132,Naifaru,MV,2020-10-24 19:05:44,5.44,73.37,82.9,74,100,9.73
133,Beringovskiy,RU,2020-10-24 19:05:44,63.05,179.32,30.43,96,100,16.4
134,Atuona,PF,2020-10-24 19:05:45,-9.8,-139.03,78.57,77,0,23.33
135,Hays,US,2020-10-24 19:05:45,30.05,-98.03,66.0,62,22,6.11
136,Sur,OM,2020-10-24 19:05:46,22.57,59.53,74.37,60,0,3.96
137,Ippy,CF,2020-10-24 19:05:46,6.27,21.22,73.98,82,100,2.66
138,Tautira,PF,2020-10-24 19:01:55,-17.73,-149.15,80.6,74,75,6.93
139,Chester,US,2020-10-24 19:01:46,40.13,-75.87,66.99,82,90,12.75
140,Ola,RU,2020-10-24 19:05:46,59.58,151.28,38.12,78,100,9.82
141,Sao Mateus Do Maranhao,BR,2020-10-24 19:05:47,-4.04,-44.48,88.5,56,99,6.38
142,Lebu,CL,2020-10-24 19:05:47,-37.62,-73.65,55.13,69,93,6.2
143,San Jose,US,2020-10-24 19:02:22,37.34,-121.89,69.01,63,40,4.7
144,Orlik,RU,2020-10-24 19:05:48,52.52,99.83,30.43,95,100,3.4
145,Kokoda,PG,2020-10-24 19:05:48,-8.88,147.74,72.82,69,93,1.83
146,Rio Brilhante,BR,2020-10-24 19:05:48,-21.8,-54.55,86.27,52,98,4.12
147,Avarua,CK,2020-10-24 19:05:48,-21.21,-159.78,75.2,73,28,13.87
148,Homer,US,2020-10-24 19:05:48,59.64,-151.55,42.8,70,75,9.46
149,Port-Gentil,GA,2020-10-24 19:05:49,-0.72,8.78,80.6,83,40,11.41
150,Bithur,IN,2020-10-24 19:05:49,26.63,80.28,71.6,78,0,3.31
151,Esperance,AU,2020-10-24 19:05:50,-33.87,121.9,50.0,100,8,10.29
152,Poronaysk,RU,2020-10-24 19:05:50,49.22,143.12,42.21,84,100,1.63
153,Smirnykh,RU,2020-10-24 19:05:18,49.75,142.83,40.17,92,100,4.94
154,Yakeshi,CN,2020-10-24 19:05:51,49.28,120.73,22.55,94,0,1.95
155,Imeni Poliny Osipenko,RU,2020-10-24 19:05:51,52.42,136.49,40.32,86,100,24.61
156,Taoudenni,ML,2020-10-24 19:05:51,22.68,-3.98,91.92,11,0,8.16
157,Haverfordwest,GB,2020-10-24 19:05:51,51.8,-4.97,51.01,93,100,8.05
158,Valcourt,CA,2020-10-24 19:05:52,45.5,-72.32,48.99,75,90,9.17
159,Marawi,PH,2020-10-24 19:05:52,8.0,124.29,73.99,91,100,5.01
160,Grand-Santi,GF,2020-10-24 19:05:52,4.25,-54.38,95.34,38,69,2.17
161,Petropavlovsk-Kamchatskiy,RU,2020-10-24 19:02:17,53.05,158.65,41.0,86,90,15.66
162,Alofi,NU,2020-10-24 19:05:53,-19.06,-169.92,75.2,88,100,12.75
163,Bethel,US,2020-10-24 19:05:54,41.37,-73.41,59.0,87,90,8.05
164,Namibe,AO,2020-10-24 19:05:54,-15.2,12.15,68.94,80,86,6.02
165,Pierre,US,2020-10-24 19:05:54,44.37,-100.35,26.01,79,90,17.22
166,Castleisland,IE,2020-10-24 19:05:54,52.23,-9.47,46.4,70,0,9.17
167,Iglesias,IT,2020-10-24 19:05:55,39.31,8.54,64.0,93,20,3.36
168,North Platte,US,2020-10-24 19:01:37,41.12,-100.77,32.0,64,90,13.87
169,Razole,IN,2020-10-24 19:05:55,16.48,81.83,76.84,84,76,1.74
170,Alibag,IN,2020-10-24 19:05:55,18.64,72.88,84.2,89,40,5.82
171,Paita,PE,2020-10-24 19:05:55,-5.09,-81.11,75.2,78,0,13.87
172,Cao Bang,VN,2020-10-24 19:05:56,22.67,106.25,62.8,67,100,2.46
173,Ayan,RU,2020-10-24 19:05:56,56.45,138.17,38.97,86,100,14.85
174,Olkhovatka,RU,2020-10-24 19:05:56,50.28,39.29,54.34,89,100,3.74
175,Swindon,GB,2020-10-24 19:05:56,51.56,-1.78,55.0,93,75,13.87
176,Salalah,OM,2020-10-24 19:05:57,17.02,54.09,78.8,44,0,3.36
177,Tabou,CI,2020-10-24 19:05:57,4.42,-7.35,78.49,84,23,5.35
178,Sao Gabriel Da Cachoeira,BR,2020-10-24 19:05:57,-0.13,-67.09,82.26,88,100,4.5
179,Kamensk-Uralskiy,RU,2020-10-24 19:05:57,56.42,61.93,34.63,98,100,6.4
180,Mogadishu,SO,2020-10-24 19:05:57,2.04,45.34,80.19,85,100,10.18
181,Narsaq,GL,2020-10-24 19:05:58,60.92,-46.05,33.8,64,20,2.24
182,Callaway,US,2020-10-24 19:05:58,30.15,-85.57,69.8,94,90,5.82
183,Kidal,ML,2020-10-24 19:05:58,18.44,1.41,85.53,12,0,10.56
184,Necochea,AR,2020-10-24 19:05:58,-38.55,-58.74,68.79,71,9,10.27
185,Mbandaka,CD,2020-10-24 19:05:59,0.05,18.26,72.66,96,82,2.95
186,Saldanha,ZA,2020-10-24 19:05:59,-33.01,17.94,60.8,82,0,3.36
187,Luebo,CD,2020-10-24 19:05:59,-5.35,21.42,72.61,90,76,1.97
188,Stephenville,US,2020-10-24 19:05:59,32.22,-98.2,55.99,58,90,3.36
189,Labuhan,ID,2020-10-24 19:06:00,-6.88,112.21,79.54,84,100,7.29
190,Mount Gambier,AU,2020-10-24 19:06:00,-37.83,140.77,44.6,65,90,9.17
191,Basco,PH,2020-10-24 19:06:00,20.45,121.97,79.11,84,100,31.34
192,Ahuimanu,US,2020-10-24 19:06:01,21.44,-157.84,79.0,94,40,5.08
193,Lensk,RU,2020-10-24 19:06:01,60.73,114.93,28.63,96,100,3.13
194,Cayenne,GF,2020-10-24 19:06:01,4.93,-52.33,87.8,62,20,12.75
195,Grenfell,AU,2020-10-24 19:06:01,-33.9,148.17,45.34,94,100,5.7
196,Nago,JP,2020-10-24 19:05:03,26.59,127.98,66.2,88,75,4.7
197,Zeya,RU,2020-10-24 19:06:02,53.75,127.27,27.84,88,0,6.49
198,Barra Patuca,HN,2020-10-24 19:06:02,15.8,-84.28,84.4,76,97,9.57
199,Svetlyy,RU,2020-10-24 19:06:02,54.67,20.13,52.0,93,75,11.18
200,Neuquen,AR,2020-10-24 19:06:03,-38.95,-68.06,82.4,18,0,5.82
201,Melfi,IT,2020-10-24 19:06:03,41.0,15.65,48.2,81,90,7.29
202,Ketchikan,US,2020-10-24 19:05:20,55.34,-131.65,39.2,51,1,4.7
203,Qaanaaq,GL,2020-10-24 19:06:04,77.48,-69.36,17.1,92,100,11.52
204,Abu Samrah,SY,2020-10-24 19:06:04,35.3,37.18,73.08,21,100,8.75
205,Navoi,UZ,2020-10-24 19:06:04,40.08,65.38,44.6,48,0,4.03
206,Natal,BR,2020-10-24 19:06:04,-5.79,-35.21,84.2,66,40,16.11
207,Babu,CN,2020-10-24 19:06:04,24.42,111.52,65.16,62,100,3.51
208,Dikson,RU,2020-10-24 19:06:05,73.51,80.55,25.38,93,26,4.23
209,Vrangel,RU,2020-10-24 19:06:05,42.73,133.08,45.5,57,0,21.16
210,Palm City,US,2020-10-24 19:06:05,27.17,-80.27,84.0,69,75,11.41
211,Isiro,CD,2020-10-24 19:06:06,2.77,27.62,70.14,95,100,2.35
212,Chimoio,MZ,2020-10-24 19:06:06,-19.12,33.48,77.0,50,0,8.05
213,Port Washington,US,2020-10-24 19:06:06,40.83,-73.7,69.01,72,90,6.93
214,Tuktoyaktuk,CA,2020-10-24 19:06:06,69.45,-133.04,14.0,92,75,8.05
215,Karatau,KZ,2020-10-24 19:06:07,43.17,70.47,35.78,81,4,1.57
216,Khilok,RU,2020-10-24 19:06:07,51.37,110.47,29.97,96,100,3.36
217,Semme,FR,2020-10-24 19:06:07,46.2,1.5,55.0,87,0,11.41
218,Corinto,GR,2020-10-24 19:06:07,37.94,22.96,69.01,68,0,3.85
219,Nalchiti,BD,2020-10-24 19:06:08,22.63,90.28,74.43,94,100,4.63
220,Cocobeach,GA,2020-10-24 19:06:08,1.0,9.58,80.6,88,40,10.29
221,Gouyave,GD,2020-10-24 19:06:08,12.16,-61.73,89.6,66,40,23.04
222,Sattahip,TH,2020-10-24 19:06:08,12.67,100.9,73.4,88,51,6.93
223,Cairns,AU,2020-10-24 19:01:38,-16.92,145.77,73.4,83,40,3.51
224,Dingle,PH,2020-10-24 19:06:09,11.0,122.67,74.71,89,80,2.04
225,Vila Franca Do Campo,PT,2020-10-24 19:06:09,37.72,-25.43,68.0,77,20,20.8
226,Baykit,RU,2020-10-24 19:06:09,61.67,96.37,24.64,96,100,2.17
227,Dutlwe,BW,2020-10-24 19:06:10,-23.98,23.9,86.68,19,7,4.72
228,Kagalnik,RU,2020-10-24 19:06:10,47.08,39.32,57.2,87,20,4.47
229,General Roca,AR,2020-10-24 19:06:10,-39.03,-67.58,82.4,18,0,5.82
230,Whitehorse,CA,2020-10-24 19:06:10,60.72,-135.05,18.0,78,75,20.8
231,Hongjiang,CN,2020-10-24 19:06:10,27.11,110.0,55.8,75,83,1.99
232,Purpe,RU,2020-10-24 19:06:11,64.48,76.69,15.37,96,100,8.72
233,Libertador General San Martin,AR,2020-10-24 19:06:11,-23.81,-64.79,99.0,39,30,3.0
234,Tambacounda,SN,2020-10-24 19:06:11,13.75,-13.76,95.0,53,0,4.7
235,Jumla,NP,2020-10-24 19:06:12,29.27,82.18,44.29,51,0,5.99
236,Saint-Pierre,RE,2020-10-24 19:06:12,-21.34,55.48,71.6,68,20,9.17
237,Swift Current,CA,2020-10-24 19:06:12,50.28,-107.8,15.8,72,90,11.41
238,Riyadh,SA,2020-10-24 19:06:12,24.69,46.72,75.2,17,0,5.82
239,Key West,US,2020-10-24 19:06:12,24.56,-81.78,86.0,78,40,12.75
240,Longyearbyen,SJ,2020-10-24 19:06:13,78.22,15.64,19.4,73,75,2.24
241,Tual,ID,2020-10-24 19:06:13,-5.67,132.75,82.56,73,54,5.57
242,Olinda,BR,2020-10-24 19:02:49,-8.01,-34.86,84.2,70,75,11.41
243,Ancud,CL,2020-10-24 19:06:14,-41.87,-73.82,53.6,76,75,13.87
244,Ribeira Grande,PT,2020-10-24 19:06:14,38.52,-28.7,68.0,88,75,23.04
245,Bambanglipuro,ID,2020-10-24 19:06:14,-7.95,110.28,77.79,87,100,7.52
246,Komsomolskiy,UZ,2020-10-24 19:06:14,40.43,71.72,48.2,57,100,2.24
247,Colombia,CU,2020-10-24 19:01:18,20.99,-77.43,84.2,70,75,9.17
248,Sironko,UG,2020-10-24 19:06:15,1.23,34.25,67.21,78,8,6.87
249,Ingham,US,2020-10-24 19:06:15,42.6,-84.38,46.0,56,40,8.05
250,Ixtapa,MX,2020-10-24 19:06:15,20.7,-105.2,89.6,66,40,10.29
251,Raudeberg,NO,2020-10-24 19:06:15,61.99,5.14,46.99,82,100,16.58
252,Bundaberg,AU,2020-10-24 19:06:16,-24.85,152.35,75.0,83,75,8.05
253,Haifa,IL,2020-10-24 19:06:16,32.82,34.99,78.01,86,70,2.55
254,Nortelandia,BR,2020-10-24 19:06:16,-14.45,-56.8,75.94,84,100,7.25
255,Chicama,PE,2020-10-24 19:06:17,-7.84,-79.15,66.2,77,9,12.75
256,Lorengau,PG,2020-10-24 19:06:17,-2.02,147.27,81.07,64,4,4.45
257,Zhanakorgan,KZ,2020-10-24 19:06:17,43.91,67.25,33.53,74,0,2.48
258,Mokhsogollokh,RU,2020-10-24 19:06:17,61.47,128.92,13.48,96,2,2.3
259,Milledgeville,US,2020-10-24 19:06:17,33.08,-83.23,84.2,58,40,4.18
260,Fortuna,US,2020-10-24 19:03:02,40.6,-124.16,57.99,100,90,10.29
261,Donskoy,RU,2020-10-24 19:06:18,53.97,38.34,47.62,86,100,3.96
262,Sao Joao Do Piaui,BR,2020-10-24 19:06:18,-8.36,-42.25,94.82,32,66,6.67
263,Los Llanos De Aridane,ES,2020-10-24 19:06:18,28.66,-17.92,73.4,64,75,10.29
264,Margate,GB,2020-10-24 19:06:19,51.38,1.39,61.0,85,100,11.99
265,Haines Junction,CA,2020-10-24 19:06:19,60.75,-137.51,23.58,78,99,0.63
266,Bogorodskoye,RU,2020-10-24 19:06:19,56.55,37.88,40.62,90,80,3.91
267,Banda Aceh,ID,2020-10-24 19:06:19,5.56,95.32,76.87,86,100,12.33
268,Waingapu,ID,2020-10-24 19:06:20,-9.66,120.26,80.1,79,13,3.56
269,Biak,ID,2020-10-24 19:06:20,-0.91,122.88,77.68,78,100,1.72
270,Luwuk,ID,2020-10-24 19:06:20,-0.95,122.79,78.37,73,100,1.99
271,Nouadhibou,MR,2020-10-24 19:06:20,20.93,-17.03,75.2,64,100,12.75
272,Carbonear,CA,2020-10-24 19:06:20,47.73,-53.21,48.99,81,75,24.16
273,Severo-Kurilsk,RU,2020-10-24 19:06:21,50.68,156.12,46.74,91,100,32.66
274,Northam,GB,2020-10-24 19:06:21,51.03,-4.22,53.01,96,100,4.0
275,Nerchinskiy Zavod,RU,2020-10-24 19:06:21,51.31,119.61,28.22,95,0,2.84
276,Dudinka,RU,2020-10-24 19:06:21,69.41,86.18,14.0,85,75,13.42
277,Kutum,SD,2020-10-24 19:06:22,14.2,24.67,77.11,19,9,15.61
278,Calvinia,ZA,2020-10-24 19:06:22,-31.47,19.78,69.33,26,0,4.16
279,Windhoek,NA,2020-10-24 19:06:22,-22.56,17.08,84.2,10,99,5.82
280,Asau,RO,2020-10-24 19:06:22,46.43,26.4,53.01,98,100,2.91
281,Tiznit,MA,2020-10-24 19:06:23,29.58,-9.5,68.18,51,5,3.44
282,Maldonado,UY,2020-10-24 19:06:23,-34.67,-54.92,70.0,88,20,10.29
283,Yulara,AU,2020-10-24 19:06:23,-25.24,130.99,60.8,44,0,10.29
284,Pontianak,ID,2020-10-24 19:06:23,-0.03,109.33,75.69,93,100,2.28
285,Lasa,IT,2020-10-24 19:06:24,46.62,10.7,54.0,81,5,4.7
286,Broome,US,2020-10-24 19:06:24,42.25,-75.83,48.99,70,90,14.99
287,Isetskoye,RU,2020-10-24 19:06:24,56.49,65.32,35.89,96,100,11.7
288,Mahina,PF,2020-10-24 19:06:24,-17.51,-149.49,80.6,74,75,6.93
289,Mawlaik,MM,2020-10-24 19:06:25,23.63,94.42,72.48,94,100,2.98
290,Mehamn,NO,2020-10-24 19:03:05,71.04,27.85,37.11,86,100,21.09
291,Mount Pleasant,US,2020-10-24 19:06:09,32.79,-79.86,84.0,69,1,6.93
292,Keti Bandar,PK,2020-10-24 19:06:25,24.14,67.45,79.54,59,0,8.95
293,Gat,IL,2020-10-24 19:06:25,31.61,34.76,78.8,74,40,4.7
294,Saurimo,AO,2020-10-24 19:06:26,-9.66,20.39,69.8,78,6,3.13
295,Namatanai,PG,2020-10-24 19:06:26,-3.67,152.43,79.34,79,32,2.84
296,Minyar,RU,2020-10-24 19:06:26,55.07,57.55,42.84,93,100,6.46
297,Uruguaiana,BR,2020-10-24 19:06:26,-29.75,-57.09,84.2,54,0,3.36
298,Sechura,PE,2020-10-24 19:06:27,-5.56,-80.82,73.56,56,21,17.6
299,Tutoia,BR,2020-10-24 19:06:27,-2.76,-42.27,84.16,70,2,15.14
300,Nefteyugansk,RU,2020-10-24 19:06:27,61.1,72.6,24.8,92,40,8.95
301,Charters Towers,AU,2020-10-24 19:06:27,-20.1,146.27,71.1,82,0,5.95
302,Doha,QA,2020-10-24 19:02:02,25.29,51.53,82.4,61,0,2.24
303,Lethem,GY,2020-10-24 19:06:28,3.38,-59.8,95.83,38,64,7.05
304,Kavaratti,IN,2020-10-24 19:06:28,10.57,72.64,81.57,73,74,6.33
305,San Patricio,US,2020-10-24 19:06:28,28.02,-97.52,69.8,46,90,9.17
306,Ostrovnoy,RU,2020-10-24 19:06:28,68.05,39.51,32.29,97,100,13.15
307,Miraflores,MX,2020-10-24 19:06:29,19.22,-98.81,71.6,32,5,9.17
308,Lakatoro,VU,2020-10-24 19:06:29,-16.1,167.42,77.43,81,92,8.95
309,Tahe,CN,2020-10-24 19:06:29,52.33,124.73,26.28,96,0,3.4
310,Klaksvik,FO,2020-10-24 19:06:29,62.23,-6.59,46.4,75,1,14.99
311,Tyukalinsk,RU,2020-10-24 19:06:29,55.87,72.2,29.08,85,100,16.84
312,Hualmay,PE,2020-10-24 19:06:30,-11.1,-77.61,68.65,69,33,10.09
313,Marienburg,PL,2020-10-24 19:06:30,54.04,19.03,53.01,100,100,9.24
314,Westport,US,2020-10-24 19:05:51,41.14,-73.36,68.0,77,75,10.29
315,Sokoni,TZ,2020-10-24 19:06:30,-6.43,39.55,80.6,78,20,14.07
316,Nova Olimpia,BR,2020-10-24 19:06:31,-14.8,-57.29,85.39,62,100,7.7
317,Puerto Escondido,MX,2020-10-24 19:06:31,15.85,-97.07,87.8,62,40,4.7
318,Lazaro Cardenas,MX,2020-10-24 19:06:31,17.96,-102.2,86.95,68,12,5.97
319,Singkang,MY,2020-10-24 19:06:31,2.1,102.8,78.8,88,20,1.16
320,Anadyr,RU,2020-10-24 19:06:32,64.75,177.48,15.8,92,40,4.47
321,Bandarbeyla,SO,2020-10-24 19:06:32,9.49,50.81,77.11,78,100,10.04
322,Bayir,TR,2020-10-24 19:06:32,37.27,28.22,66.2,77,0,3.36
323,Dukat,RU,2020-10-24 19:06:32,62.55,155.55,25.77,93,4,2.89
324,Conde,BR,2020-10-24 19:06:33,-7.26,-34.91,84.2,66,20,12.75
325,Prince Rupert,CA,2020-10-24 19:06:33,54.32,-130.32,37.4,55,1,5.82
326,Magistralnyy,RU,2020-10-24 19:06:33,56.17,107.45,35.28,93,100,3.89
327,Hami,CN,2020-10-24 19:06:33,42.8,93.45,47.88,50,83,10.54
328,Guerrero Negro,MX,2020-10-24 19:06:33,27.98,-114.06,73.06,63,28,15.32
329,Alyangula,AU,2020-10-24 19:06:34,-13.85,136.42,82.4,78,75,4.7
330,San Quintin,MX,2020-10-24 19:06:34,30.48,-115.95,70.48,62,100,11.45
331,Coquimbo,CL,2020-10-24 19:06:34,-29.95,-71.34,55.4,82,90,8.05
332,Maradi,NE,2020-10-24 19:06:34,13.5,7.1,89.6,27,100,4.7
333,Nishihara,JP,2020-10-24 19:06:35,26.18,127.76,69.8,68,75,5.82
334,Camargo,MX,2020-10-24 19:06:35,27.67,-105.17,85.87,22,0,7.45
335,Santa Vitoria Do Palmar,BR,2020-10-24 19:06:35,-33.52,-53.37,71.37,79,15,9.4
336,Najran,SA,2020-10-24 19:06:35,17.49,44.13,71.6,19,0,2.24
337,Kavieng,PG,2020-10-24 19:06:36,-2.57,150.8,82.0,70,73,2.39
338,Harbour Breton,CA,2020-10-24 19:06:36,47.48,-55.8,54.0,100,100,8.01
339,Tura,IN,2020-10-24 19:06:36,25.52,90.22,70.12,99,37,2.64
340,Liverpool,GB,2020-10-24 19:03:14,53.41,-2.98,50.0,93,40,4.7
341,Sangar,RU,2020-10-24 19:06:36,63.92,127.47,10.02,95,28,0.67
342,Hohhot,CN,2020-10-24 19:06:37,40.81,111.65,46.4,45,20,4.47
343,Machinga,MW,2020-10-24 19:06:37,-15.17,35.3,75.65,44,71,3.8
344,Pangnirtung,CA,2020-10-24 19:06:37,66.15,-65.71,26.6,86,75,1.79
345,Quelimane,MZ,2020-10-24 19:06:37,-17.88,36.89,77.0,78,0,5.82
346,Meulaboh,ID,2020-10-24 19:06:38,4.14,96.13,74.89,94,100,6.02
347,Mason City,US,2020-10-24 19:05:21,43.15,-93.2,35.01,68,1,9.17
348,Koslan,RU,2020-10-24 19:06:38,63.46,48.9,26.89,98,92,4.54
349,Kiruna,SE,2020-10-24 19:06:38,67.86,20.23,32.0,93,87,8.05
350,Moose Factory,CA,2020-10-24 19:06:38,51.26,-80.61,33.8,50,90,12.75
351,Heihe,CN,2020-10-24 19:06:39,50.24,127.49,35.6,47,0,11.18
352,Huilong,CN,2020-10-24 19:06:39,31.81,121.66,57.99,76,0,1.19
353,Eyl,SO,2020-10-24 19:06:39,7.98,49.82,80.69,71,0,9.26
354,Sandpoint,US,2020-10-24 19:06:35,48.28,-116.55,30.0,46,1,21.92
355,Tigre,AR,2020-10-24 19:04:59,-34.43,-58.58,79.0,78,0,9.17
356,Joensuu,FI,2020-10-24 19:06:40,62.6,29.76,37.0,80,75,5.82
357,Evensk,RU,2020-10-24 19:06:40,61.95,159.23,31.35,93,46,8.32
358,Sioux Lookout,CA,2020-10-24 19:06:40,50.1,-91.92,26.6,79,75,5.82
359,Walvis Bay,NA,2020-10-24 19:05:02,-22.96,14.51,59.0,82,0,5.82
360,Buala,SB,2020-10-24 19:06:41,-8.14,159.59,79.7,80,0,2.42
361,Karratha,AU,2020-10-24 19:06:41,-20.74,116.85,66.42,88,1,9.95
362,College,US,2020-10-24 19:06:41,64.86,-147.8,25.0,78,75,3.0
363,Saint-Francois,FR,2020-10-24 19:06:42,46.42,3.91,50.0,93,0,3.36
364,Garden City,US,2020-10-24 19:06:42,42.33,-83.33,50.0,52,75,3.36
365,Bichura,RU,2020-10-24 19:06:42,50.59,107.6,34.14,86,100,1.95
366,Jian,CN,2020-10-24 19:06:42,27.12,114.98,56.44,70,82,3.71
367,Maroantsetra,MG,2020-10-24 19:06:42,-15.43,49.73,71.89,82,9,4.92
368,Roma,US,2020-10-24 19:03:45,43.21,-75.46,46.99,87,90,12.75
369,Codrington,AU,2020-10-24 19:06:43,-38.27,141.97,47.39,57,99,18.66
370,Vardo,NO,2020-10-24 19:06:43,70.37,31.11,38.98,81,100,25.75
371,El Carmen,CO,2020-10-24 19:06:43,8.51,-73.45,80.37,73,96,3.78
372,Buchanan,LR,2020-10-24 19:06:44,5.88,-10.05,82.4,83,20,5.82
373,Vao,NC,2020-10-24 19:06:44,-22.67,167.48,72.91,81,55,16.28
374,Paignton,GB,2020-10-24 19:06:44,50.44,-3.57,54.0,96,100,8.99
375,Sao Miguel Do Araguaia,BR,2020-10-24 19:06:44,-13.28,-50.16,76.68,79,100,7.14
376,Sao Raimundo Das Mangabeiras,BR,2020-10-24 19:06:45,-7.02,-45.48,85.42,58,100,5.19
377,Wonthaggi,AU,2020-10-24 19:06:45,-38.6,145.59,48.0,64,0,16.24
378,Quila,MX,2020-10-24 19:06:45,24.42,-107.22,93.99,52,5,4.61
379,Malanje,AO,2020-10-24 19:06:46,-9.54,16.34,67.24,93,51,2.66
380,Santa Rosalia,MX,2020-10-24 19:06:46,27.32,-112.28,84.16,41,0,6.22
381,Kenai,US,2020-10-24 19:06:46,60.55,-151.26,44.6,74,90,18.34
382,Vostok,RU,2020-10-24 19:06:46,46.49,135.88,28.44,100,100,5.73
383,Santa Cruz De Tenerife,ES,2020-10-24 19:06:46,28.47,-16.25,64.99,67,40,4.7
384,Susanville,US,2020-10-24 19:02:35,40.42,-120.65,59.0,22,1,3.36
385,Vung Tau,VN,2020-10-24 19:06:47,10.35,107.08,78.55,85,92,10.07
386,La Tuque,CA,2020-10-24 19:06:47,47.43,-72.78,39.25,71,6,12.39
387,Ambulu,ID,2020-10-24 19:06:47,-8.35,113.61,76.66,89,28,2.35
388,Isangel,VU,2020-10-24 19:06:48,-19.55,169.27,74.89,77,9,11.86
389,Acapulco,MX,2020-10-24 19:06:48,16.86,-99.89,86.0,84,75,4.7
390,Pindiga,NG,2020-10-24 19:06:48,9.98,10.93,79.57,41,22,1.39
391,Inhambane,MZ,2020-10-24 19:06:48,-23.86,35.38,75.2,83,20,2.24
392,Port Augusta,AU,2020-10-24 19:06:48,-32.5,137.77,55.4,66,90,12.75
393,Maltahohe,NA,2020-10-24 19:06:49,-24.83,16.98,76.51,21,48,14.81
394,Kochi,IN,2020-10-24 19:06:49,9.94,76.26,77.0,94,40,3.15
395,Dubrovnik,HR,2020-10-24 19:06:49,42.65,18.09,59.0,93,20,11.41
396,Toora-Khem,RU,2020-10-24 19:06:50,52.47,96.11,26.71,94,100,10.16
397,New Baltimore,US,2020-10-24 19:06:50,42.68,-82.74,48.99,57,75,5.82
398,Mareeba,AU,2020-10-24 19:06:50,-17.0,145.43,73.4,83,40,1.52
399,Saint-Augustin,CA,2020-10-24 19:06:51,51.23,-58.65,45.68,78,100,17.13
400,Longjiang,CN,2020-10-24 19:06:51,47.33,123.18,36.95,76,0,7.49
401,Nantucket,US,2020-10-24 19:06:51,41.28,-70.1,62.6,77,75,10.29
402,Erdenet,MN,2020-10-24 19:06:51,49.03,104.08,30.36,92,0,3.15
403,Fengzhen,CN,2020-10-24 19:06:52,40.44,113.15,45.86,56,100,1.5
404,La Paz,BO,2020-10-24 19:04:41,-16.5,-68.15,64.4,25,40,9.17
405,Svetlogorsk,BY,2020-10-24 19:06:52,52.63,29.73,52.05,90,100,10.27
406,Vaitape,PF,2020-10-24 19:06:52,-16.52,-151.75,79.77,72,64,6.46
407,Constantine,DZ,2020-10-24 19:05:51,36.37,6.61,59.0,72,20,5.82
408,Banepa,NP,2020-10-24 19:06:53,27.63,85.52,60.8,87,20,2.24
409,Beira,MZ,2020-10-24 19:06:53,-19.84,34.84,73.63,80,0,8.01
410,Chebenki,RU,2020-10-24 19:06:53,51.93,55.71,51.8,100,90,6.71
411,Yicheng,CN,2020-10-24 19:06:53,31.37,119.87,48.99,95,0,7.0
412,Coihaique,CL,2020-10-24 19:03:27,-45.58,-72.07,57.2,50,40,6.93
413,Batemans Bay,AU,2020-10-24 19:03:57,-35.72,150.18,52.0,97,100,4.0
414,Goundam,ML,2020-10-24 19:06:54,16.41,-3.67,92.82,9,0,14.79
415,Minab,IR,2020-10-24 19:06:54,27.15,57.08,77.0,23,0,4.7
416,Alice Springs,AU,2020-10-24 19:06:54,-23.7,133.88,62.6,45,0,11.41
417,Bosaso,SO,2020-10-24 19:05:48,11.28,49.18,79.27,55,0,4.79
418,Penzance,GB,2020-10-24 19:05:00,50.12,-5.54,51.8,93,100,20.8
419,Naryan-Mar,RU,2020-10-24 19:06:55,67.67,53.09,18.91,91,94,13.02
420,Thabazimbi,ZA,2020-10-24 19:06:55,-24.59,27.41,82.08,29,0,6.29
421,Hamilton,US,2020-10-24 19:06:48,39.18,-84.53,53.01,57,75,3.36
422,Kaitangata,NZ,2020-10-24 19:06:56,-46.28,169.85,55.83,67,100,6.33
423,Cagliari,IT,2020-10-24 19:02:00,39.24,9.09,64.99,77,0,5.82
424,Iqaluit,CA,2020-10-24 19:06:56,63.75,-68.51,30.2,74,75,8.05
425,Xicotencatl,MX,2020-10-24 19:06:56,23.02,-98.88,93.0,56,23,4.0
426,Wanlaweyn,SO,2020-10-24 19:06:57,2.62,44.89,78.93,81,100,9.93
427,Maceio,BR,2020-10-24 19:06:04,-9.67,-35.74,84.2,62,20,14.99
428,Half Moon Bay,US,2020-10-24 19:06:57,37.46,-122.43,66.0,77,90,3.36
429,Padang,ID,2020-10-24 19:06:57,-0.95,100.35,77.38,81,100,2.68
430,Lodja,CD,2020-10-24 19:06:57,-3.48,23.43,71.58,97,100,5.19
431,Tiksi,RU,2020-10-24 19:06:58,71.69,128.87,12.06,91,98,21.54
432,Fare,PF,2020-10-24 19:06:58,-16.7,-151.02,79.2,73,20,5.28
433,Towada,JP,2020-10-24 19:06:58,40.61,141.21,50.0,66,75,8.05
434,Lata,PT,2020-10-24 19:06:58,40.16,-8.33,63.0,86,97,11.01
435,Srandakan,ID,2020-10-24 19:06:59,-7.94,110.25,77.9,87,100,7.63
436,Xining,CN,2020-10-24 19:05:06,36.62,101.77,47.52,59,100,3.31
437,Gambo,CF,2020-10-24 19:06:59,4.65,22.26,72.64,95,100,1.23
438,Rodrigues Alves,BR,2020-10-24 19:06:59,-7.74,-72.65,95.5,38,100,3.85
439,Phan Thiet,VN,2020-10-24 19:07:00,10.93,108.1,74.93,85,94,1.97
440,Saint-Leu,RE,2020-10-24 19:07:00,-21.15,55.28,71.6,68,20,9.17
441,Dhidhdhoo,MV,2020-10-24 19:07:00,6.88,73.1,82.31,74,98,7.45
442,Gornyye Klyuchi,RU,2020-10-24 19:07:00,45.25,133.5,35.08,83,99,5.37
443,Laguna,US,2020-10-24 19:07:00,38.42,-121.42,66.99,72,1,10.29
444,Pechora,RU,2020-10-24 19:07:01,65.15,57.22,23.67,97,100,8.08
445,Ornskoldsvik,SE,2020-10-24 19:07:01,63.29,18.72,24.8,100,0,3.36
446,Tilichiki,RU,2020-10-24 19:07:02,60.47,166.1,28.31,97,4,4.41
447,Baghdad,IQ,2020-10-24 19:07:02,33.34,44.4,71.6,35,0,1.12
448,Aguimes,ES,2020-10-24 19:07:02,27.91,-15.45,71.6,64,20,18.34
449,Naujoji Akmene,LT,2020-10-24 19:07:02,56.32,22.9,48.0,92,6,3.0
450,Lavrentiya,RU,2020-10-24 19:07:03,65.58,-171.0,32.74,91,79,6.17
451,Faanui,PF,2020-10-24 19:07:03,-16.48,-151.75,78.91,73,58,6.38
452,Kiama,AU,2020-10-24 19:07:03,-34.68,150.87,55.99,87,100,7.0
453,Kahului,US,2020-10-24 19:04:05,20.89,-156.47,82.4,58,1,2.19
454,Edea,CM,2020-10-24 19:07:04,3.8,10.13,75.74,92,100,2.51
455,Baraki Barak,AF,2020-10-24 19:07:04,33.97,68.95,48.2,31,90,2.3
456,Takoradi,GH,2020-10-24 19:07:05,4.88,-1.76,78.04,88,100,9.71
457,Ciechanow,PL,2020-10-24 19:05:50,52.88,20.62,51.8,93,8,6.93
458,Smidovich,RU,2020-10-24 19:07:05,48.6,133.82,38.79,75,88,12.84
459,Amposta,ES,2020-10-24 19:07:06,40.71,0.58,54.0,71,0,1.99
460,Korla,CN,2020-10-24 19:07:06,41.76,86.15,46.99,67,43,1.99
461,Ust-Nera,RU,2020-10-24 19:07:06,64.57,143.2,19.47,91,100,4.56
462,Havoysund,NO,2020-10-24 19:07:06,71.0,24.66,37.4,93,100,19.46
463,Itacoatiara,BR,2020-10-24 19:07:06,-3.14,-58.44,84.52,73,100,3.56
464,Vilyuysk,RU,2020-10-24 19:07:07,63.76,121.62,16.11,94,62,5.79
465,Suntar,RU,2020-10-24 19:07:07,62.14,117.63,22.66,96,12,5.12
466,Peniche,PT,2020-10-24 19:07:07,39.36,-9.38,63.0,83,99,14.0
467,Pathalgaon,IN,2020-10-24 19:07:07,22.57,83.47,68.2,57,62,4.0
468,Cherskiy,RU,2020-10-24 19:07:08,68.75,161.3,18.82,92,0,7.43
469,Acajutla,SV,2020-10-24 19:05:58,13.59,-89.83,82.4,69,40,7.4
470,Dunedin,NZ,2020-10-24 19:07:08,-45.87,170.5,58.64,61,100,9.8
471,Sarangani,PH,2020-10-24 19:07:08,5.4,125.46,79.88,86,100,25.5
472,Makokou,GA,2020-10-24 19:07:09,0.57,12.86,71.58,94,100,2.42
473,Sidi Ali,DZ,2020-10-24 19:07:09,36.1,0.42,63.01,76,0,4.68
474,Linjiang,CN,2020-10-24 19:07:09,41.81,126.91,30.94,90,0,2.13
475,Umm Kaddadah,SD,2020-10-24 19:07:09,13.6,26.69,88.3,15,0,13.33
476,Macklin,CA,2020-10-24 19:07:10,52.33,-109.93,19.56,81,60,9.93
477,Bathsheba,BB,2020-10-24 19:07:10,13.22,-59.52,87.8,66,40,21.92
478,Hovd,MN,2020-10-24 19:07:10,48.01,91.64,31.77,73,0,9.13
479,Price,US,2020-10-24 19:07:10,39.6,-110.81,53.6,20,1,8.05
480,Kothi,IN,2020-10-24 19:07:11,24.75,80.78,74.88,45,0,4.16
481,Rudnogorsk,RU,2020-10-24 19:07:11,57.26,103.75,33.82,99,100,4.9
482,Ormara,PK,2020-10-24 19:07:11,25.21,64.64,79.61,28,0,20.42
483,Hasaki,JP,2020-10-24 19:07:11,35.73,140.83,48.2,93,0,2.24
484,San Clemente,US,2020-10-24 19:06:22,33.43,-117.61,69.01,78,90,1.01
485,Stokmarknes,NO,2020-10-24 19:07:12,68.56,14.91,37.0,85,17,1.01
486,Krasnogorsk,RU,2020-10-24 19:02:27,55.82,37.32,48.2,87,40,8.95
487,San Borja,BO,2020-10-24 19:07:12,-14.82,-66.85,103.32,27,0,6.8
488,Paracatu,BR,2020-10-24 19:07:12,-17.22,-46.87,72.32,85,100,9.51
489,Chesma,RU,2020-10-24 19:07:13,53.81,60.65,41.65,91,100,11.99
490,Celestun,MX,2020-10-24 19:07:13,20.87,-90.4,84.15,73,90,15.23
491,Marzuq,YE,2020-10-24 19:07:13,14.4,46.47,66.54,25,0,1.43
492,Bar Harbor,US,2020-10-24 19:04:06,44.39,-68.2,59.0,82,90,11.41
493,Saint Anthony,US,2020-10-24 19:07:13,45.02,-93.22,32.0,58,1,6.93
494,Cukai,MY,2020-10-24 19:07:14,4.25,103.42,77.0,94,28,2.24
495,Bor,RU,2020-10-24 19:07:14,56.36,44.07,42.8,81,75,4.47
496,Nabire,ID,2020-10-24 19:07:14,-3.37,135.48,75.38,85,100,3.62
497,Galle,LK,2020-10-24 19:07:09,6.04,80.22,79.3,85,100,7.18
498,Norman Wells,CA,2020-10-24 19:07:14,65.28,-126.83,15.8,92,40,7.09
499,Luderitz,NA,2020-10-24 19:07:15,-26.65,15.16,60.75,77,0,10.13
500,Hanzhong,CN,2020-10-24 19:07:15,33.07,107.03,56.16,73,63,0.51
501,Iskateley,RU,2020-10-24 19:07:15,67.68,53.15,18.7,91,89,12.95
502,Kontagora,NG,2020-10-24 19:07:15,10.4,5.47,78.58,39,100,1.39
503,Stjordalshalsen,NO,2020-10-24 19:07:16,63.47,10.93,37.99,80,0,13.87
504,Okato,NZ,2020-10-24 19:07:16,-39.2,173.88,55.99,96,76,7.0
505,Millinocket,US,2020-10-24 19:06:12,45.66,-68.71,55.4,93,90,4.7
506,Toppenish,US,2020-10-24 19:07:16,46.38,-120.31,39.2,51,90,20.8
507,Nouakchott,MR,2020-10-24 19:07:16,18.09,-15.98,87.8,55,100,12.75
508,Hervey Bay,AU,2020-10-24 19:07:17,-25.3,152.85,75.0,83,75,8.05
509,Rapid Valley,US,2020-10-24 19:07:17,44.06,-103.15,27.0,85,90,8.05
510,Grunwald,DE,2020-10-24 19:07:17,48.04,11.52,48.0,93,0,3.36
511,Yemtsa,RU,2020-10-24 19:07:17,63.07,40.33,27.86,98,59,7.16
512,Kysyl-Syr,RU,2020-10-24 19:07:18,63.9,122.76,15.4,94,0,4.88
513,Keizer,US,2020-10-24 19:04:21,44.99,-123.03,55.4,62,75,9.17
514,Sawtell,AU,2020-10-24 19:07:18,-30.38,153.1,68.0,88,75,8.05
515,Beloha,MG,2020-10-24 19:07:08,-25.17,45.05,69.73,80,100,1.79
516,Abonnema,NG,2020-10-24 19:07:18,4.71,6.79,73.4,100,75,8.05
517,Mana,GF,2020-10-24 19:07:19,5.66,-53.78,86.09,67,5,13.15
518,Baependi,BR,2020-10-24 19:07:19,-21.96,-44.89,66.16,88,100,4.27
519,Dakar,SN,2020-10-24 19:07:19,14.69,-17.44,86.0,74,0,6.93
520,Nampa,US,2020-10-24 19:06:30,43.54,-116.56,50.0,100,90,13.87
521,Linguere,SN,2020-10-24 19:07:20,15.4,-15.12,92.98,14,98,5.21
522,Manokwari,ID,2020-10-24 19:07:20,-0.87,134.08,79.39,77,100,4.97
523,Portland,US,2020-10-24 19:07:05,45.52,-122.68,50.0,66,75,6.93
524,Montepuez,MZ,2020-10-24 19:07:21,-13.13,39.0,74.46,67,100,10.13
525,Grimshaw,CA,2020-10-24 19:07:21,56.18,-117.6,23.0,57,20,18.34
526,Presidencia Roque Saenz Pena,AR,2020-10-24 19:07:21,-26.79,-60.44,94.53,40,17,5.93
527,Constitucion,CL,2020-10-24 19:07:21,-35.33,-72.42,58.6,78,100,18.23
528,Krasnyy Chikoy,RU,2020-10-24 19:07:21,50.36,108.75,30.51,94,75,2.55
529,Henties Bay,NA,2020-10-24 19:07:22,-22.12,14.28,57.99,90,75,8.05
530,Wickford,GB,2020-10-24 19:07:22,51.61,0.52,61.0,82,75,28.86
531,Wiarton,CA,2020-10-24 19:07:22,44.74,-81.13,41.0,70,75,4.7
532,Krasnoye,UA,2020-10-24 19:07:22,49.91,24.61,51.8,93,90,5.17
533,Imaichi,JP,2020-10-24 19:07:23,36.72,139.68,45.0,86,5,8.01
534,Tommot,RU,2020-10-24 19:07:23,58.96,126.29,23.58,96,66,1.68
535,Miguel Auza,MX,2020-10-24 19:07:23,24.29,-103.45,77.52,26,0,7.81
536,Taunggyi,MM,2020-10-24 19:07:23,20.78,97.03,60.62,100,99,0.6
537,Dingzhou,CN,2020-10-24 19:07:23,38.51,115.0,50.0,66,80,6.71
538,Boa Vista,BR,2020-10-24 19:07:24,2.82,-60.67,95.0,39,40,9.17
539,Arinos,BR,2020-10-24 19:07:24,-15.92,-46.11,70.88,91,100,2.91
540,Korcula,HR,2020-10-24 19:07:24,42.96,17.14,53.6,93,75,3.36
541,Afua,BR,2020-10-24 19:02:27,-0.16,-50.39,90.61,52,0,9.75
542,Novyye Lyady,RU,2020-10-24 19:07:24,58.05,56.6,37.4,100,90,11.18
543,Cockburn Town,TC,2020-10-24 19:07:25,21.46,-71.14,87.8,66,40,11.41
544,Senekal,ZA,2020-10-24 19:07:25,-28.32,27.62,69.06,38,4,12.55
545,Nanortalik,GL,2020-10-24 19:07:25,60.14,-45.24,32.9,89,0,9.91
546,Bud,US,2020-10-24 19:07:25,39.45,-86.18,51.8,50,1,10.29
547,Marystown,CA,2020-10-24 19:05:54,47.17,-55.15,54.0,100,100,8.01
548,Okahandja,NA,2020-10-24 19:07:26,-21.98,16.92,84.2,10,100,5.82
549,Harper,LR,2020-10-24 19:07:26,4.38,-7.72,78.49,83,95,4.65
550,Nhulunbuy,AU,2020-10-24 19:07:26,-12.23,136.77,78.8,83,89,5.82
551,Talnakh,RU,2020-10-24 19:07:26,69.49,88.4,14.0,85,75,13.42
552,Blagoyevo,RU,2020-10-24 19:07:27,63.37,47.92,30.02,97,99,10.04
553,Kathu,TH,2020-10-24 19:07:27,7.92,98.33,84.0,94,20,1.12
554,Port Macquarie,AU,2020-10-24 19:05:39,-31.43,152.92,64.0,99,98,4.41
555,Acarau,BR,2020-10-24 19:07:27,-2.89,-40.12,84.58,67,4,19.37
